[
    {
        "id": 1,
        "title": "Producto de prueba 1",
        "description": "Esto es un producto prueba",
        "price": 200,
        "thumbnail": "SinImagen",
        "code": "ABC123",
        "stock": 25
    },
    {
        "id": 2,
        "title": "Producto de prueba 2",
        "description": "Esto es un producto prueba en modificacion",
        "price": 500,
        "thumbnail": "SinImagen",
        "code": "ABC456",
        "stock": 35
    },
    {
        "id": 3,
        "title": "Producto de prueba 3",
        "description": "Esto es un producto prueba",
        "price": 220,
        "thumbnail": "SinImagen",
        "code": "ABC789",
        "stock": 30
    }
]